sound,119
heritage,98
noise,45
project,43
archive,40
sonic,39
listening,38
one,38
british,32
practice,23
national,23
library,23
public,23
recording,23
study,22
online,21
white,21
crowdsourcing,21
new,20
crowd,19
trust,19
way,19
analysis,18
work,18
coastal,17
engagement,17
also,17
coast,17
cultural,16
accessed,16
journal,14
contemporary,14
term,14
material,14
thus,14
u,14
two,13
first,13
make,13
form,13
time,13
london,12
critical,12
see,12
culture,12
would,12
shore,11
order,11
point,11
want,11
certain,11
people,11
need,11
mode,10
production,10
may,10
even,10
working,10
kind,10
audience,10
might,10
rather,10
knowledge,10
collecting,10
migrant,9
mean,9
sense,9
harrison,9
within,9
come,9
process,9
potential,9
notion,9
map,9
field,9
past,9
view,8
access,8
crisis,8
yet,8
experience,8
far,8
technology,8
digital,8
object,8
political,8
life,8
britain,8
since,8
matter,8
september,8
dover,8
however,8
site,8
race,8
use,7
june,7
recent,7
case,7
second,7
particular,7
whiteness,7
subject,7
institution,7
class,7
attention,7
attempt,7
content,7
could,7
internet,7
force,7
part,7
research,7
value,7
thing,7
environment,7
bias,7
social,7
factor,7
data,6
representation,6
accumulation,6
others,6
clear,6
development,6
find,6
important,6
medium,6
schofield,6
web,6
many,6
problem,6
memory,6
society,6
summer,6
well,6
example,6
history,6
world,6
concern,6
coastline,6
place,6
made,6
diversity,6
abu,6
york,6
importantly,6
meaning,6
international,5
paul,5
tourle,5
november,5
methodology,5
everyday,5
think,5
trend,5
preservation,5
framework,5
noisy,5
voice,5
must,5
today,5
expert,5
making,5
another,5
different,5
moment,5
general,5
launch,5
january,5
protest,5
beyond,5
cheryl,5
tipp,5
interest,5
neptune,5
popular,5
le,5
museum,5
change,5
perhaps,5
professional,5
third,5
conceived,5
presented,5
absence,5
go,5
organisation,5
identity,5
much,5
effect,5
always,5
cannot,5
still,5
industry,5
various,5
discursive,5
year,5
decision,5
beauty,5
note,5
attali,5
edited,5
author,4
limited,4
auditory,4
paper,4
towards,4
mass,4
product,4
possible,4
sounding,4
ear,4
jennifer,4
thought,4
arguably,4
signal,4
position,4
critique,4
thoroughly,4
common,4
inscription,4
key,4
loss,4
seen,4
future,4
logic,4
described,4
suggest,4
migration,4
issue,4
increasingly,4
opportunity,4
consider,4
set,4
draw,4
submitted,4
took,4
away,4
course,4
evidence,4
favourite,4
territory,4
narrative,4
across,4
underground,4
look,4
understanding,4
mind,4
though,4
nevertheless,4
soundmap,4
challenge,4
hamdan,4
century,4
present,4
valuable,4
close,4
argument,4
collection,4
take,4
appears,4
extent,4
perceptual,4
recognise,4
worked,4
discussion,4
problematic,4
daston,4
observation,4
waldock,4
space,4
discourse,4
press,4
leisure,4
natural,4
tea,4
materiality,3
link,3
published,3
group,3
archaeology,3
permanent,3
preserving,3
turn,3
provided,3
reading,3
describes,3
acoustic,3
phenomenon,3
expression,3
silence,3
terminology,3
representative,3
presence,3
writing,3
concerted,3
eg,3
outcome,3
attuned,3
member,3
holtorf,3
promoting,3
intangible,3
everything,3
least,3
sector,3
lead,3
tension,3
surrounding,3
reflect,3
play,3
primarily,3
nationalist,3
crowd-based,3
privileged,3
upon,3
taken,3
port,3
calais,3
border,3
number,3
storm,3
right-wing,3
early,3
express,3
economic,3
briton,3
coverage,3
reduced,3
sea,3
intended,3
instead,3
raise,3
already,3
engage,3
individual,3
show,3
bear,3
section,3
offer,3
researcher,3
practitioner,3
around,3
role,3
crowdsource,3
regard,3
produced,3
feature,3
move,3
half,3
river,3
transformation,3
meanwhile,3
reflection,3
resource,3
appear,3
soundscape,3
indeed,3
question,3
conceptualisation,3
documentation,3
begin,3
end,3
butler,3
collective,3
vast,3
stand,3
becomes,3
critically,3
nature,3
partner,3
conservation,3
asylum,3
instance,3
fact,3
culturally,3
historical,3
posit,3
existence,3
hear,3
prompted,3
stadler,3
conducted,3
exist,3
yelmi,3
interesting,3
therefore,3
recorded,3
lobley,3
among,3
benjamin,3
promise,3
assumption,3
someone,3
approach,3
record,3
something,3
alone,3
complexity,3
limit,3
back,3
light,3
image,3
user,3
idea,3
get,3
thinking,3
personal,3
communication,3
bennett,3
latour,3
device,3
cloud,3
lay,3
contributor,3
exclude,3
precisely,3
curator,3
serve,3
powerful,3
ability,3
format,3
soundmapping,3
significant,3
context,3
politics,3
capacity,3
great,3
behind,3
given,3
peak,3
whose,3
document,3
state,3
land,3
vanishing,3
changed,3
shaping,3
enough,3
ultimately,3
perception,3
power,3
anthropology,3
http,3
routledge,3
verso,3
surrey,3
ashgate,3
homepage,2
informa,2
trading,2
taylor,2
francis,2
submit,2
citing,2
article,2
full,2
condition,2
institute,2
received,2
venture,2
pursue,2
emergence,2
aimed,2
capturing,2
frequency,2
simultaneously,2
perfect,2
chaos,2
racialised,2
audition,2
deaf,2
defined,2
connor,2
equal,2
weight,2
serres,2
convey,2
message,2
ordered,2
isolated,2
intention,2
environmental,2
postmodern,2
conservatism,2
wright,2
samuel,2
byrne,2
smith,2
decade,2
open,2
distribution,2
reproduction,2
original,2
curatorial,2
method,2
regarding,2
suggests,2
enabled,2
raised,2
knowing,2
series,2
homeless,2
kiddey,2
commentator,2
anything,2
aversion,2
entire,2
constant,2
generation,2
lost,2
amid,2
noisiness,2
marginalisation,2
originated,2
concerning,2
demonization,2
cf,2
jones,2
middle,2
leisurely,2
providing,2
metaphor,2
proceed,2
generate,2
month,2
affords,2
color-line,2
action,2
staff,2
delay,2
large,2
seeking,2
began,2
focus,2
week,2
played,2
front,2
immigration,2
three,2
march,2
violence,2
refugee,2
anger,2
long-term,2
right,2
screaming,2
beginning,2
participant,2
category,2
moreover,2
email,2
never,2
constitute,2
primary,2
th,2
anniversary,2
campaign,2
success,2
particularly,2
hundred,2
contribute,2
directly,2
reported,2
country,2
countryfile,2
broadcast,2
system,2
na,2
bringing,2
hint,2
surely,2
pause,2
model,2
elsewhere,2
ought,2
deeper,2
realm,2
earlier,2
last,2
footstep,2
beach,2
closely,2
identified,2
drawn,2
focused,2
water,2
wave,2
celebrated,2
socio-political,2
sanitised,2
artefact,2
anyone,2
trace,2
hold,2
brought,2
driver,2
noted,2
highlight,2
internal,2
framing,2
direction,2
defines,2
billed,2
ever,2
claim,2
represent,2
like,2
emerge,2
identify,2
construction,2
attachment,2
add,2
often,2
relevant,2
failure,2
certainly,2
unfettered,2
traded,2
insight,2
able,2
tell,2
calling,2
emerging,2
placing,2
emphasis,2
status,2
seeker,2
discrimination,2
leading,2
careful,2
consideration,2
story,2
palestinian,2
authority,2
card,2
prove,2
origin,2
lying,2
said,2
hamdans,2
lie,2
appraisal,2
coded,2
real,2
predicated,2
socially,2
formed,2
inheritance,2
manner,2
investigating,2
alternative,2
dangerous,2
active,2
colour-line,2
addition,2
seeing,2
call,2
embedded,2
critic,2
opened,2
struggle,2
listener,2
m√ºske,2
per,2
se,2
reductive,2
istanbul,2
preserved,2
valid,2
proposed,2
tourist,2
documentary,2
next,2
station,2
unwittingly,2
quickly,2
naturalised,2
notably,2
music,2
source,2
community,2
forgotten,2
archaeologist,2
industrial,2
emotional,2
response,2
anthropocene,2
seems,2
intervene,2
transcendence,2
greater,2
recorder,2
capture,2
taking,2
decoding,2
apparent,2
contrast,2
fix,2
understand,2
amplifying,2
attempted,2
materially,2
generates,2
expected,2
regular,2
traditional,2
following,2
desire,2
imagined,2
simply,2
deliver,2
dibley,2
examining,2
colonial,2
collected,2
steve,2
movement,2
woolgar,2
standardised,2
technological,2
apparatus,2
historian,2
train,2
atlas,2
learn,2
strange,2
underpinnings,2
bearing,2
perspective,2
file,2
mass-participation,2
distance,2
barrier,2
previously,2
numerous,2
owen,2
ridge,2
curating,2
information,2
tausig,2
explained,2
best,2
visually,2
area,2
carlyle,2
disrupt,2
acknowledgement,2
private,2
hegemonic,2
hard,2
broader,2
likely,2
without,2
geographical,2
organiser,2
straightforward,2
produce,2
reflects,2
minimum,2
stage,2
introduction,2
period,2
ambition,2
rendered,2
seaside,2
final,2
neutral,2
newly,2
release,2
fishing,2
kettle,2
ordering,2
sewell,2
seem,2
list,2
cast,2
reproduces,2
narrow,2
middle-class,2
account,2
programme,2
survey,2
prior,2
remaining,2
rathbone,2
deployed,2
marketing,2
appeal,2
discursively,2
impact,2
reproduce,2
serf,2
figure,2
influence,2
archival,2
recognised,2
invisible,2
due,2
acceptable,2
shape,2
us,2
pure,2
ambiguity,2
suspicion,2
repeatable,2
mould,2
subjected,2
better,2
belfast,2
radovac,2
war,2
soundscapes,2
element,2
funding,2
fieldwork,2
university,2
december,2
httpwww,2
pearce,2
city,2
scientific,2
demo,2
palgrave,2
print,1
httpwwwtandfonlinecomloirjhs,1
cite,1
httpsdoiorg,1
nov,1
crossmark,1
found,1
vol,1
httpdxdoiorg,1
accepted,1
joint,1
employed,1
create,1
problematise,1
broadly,1
democratising,1
current,1
ever-broader,1
range,1
dual,1
purpose,1
every,1
equality,1
modulated,1
constrained,1
displaces,1
borrow,1
either,1
appalled,1
sum-total,1
democratic,1
edifying,1
superabundance,1
cleansed,1
straddling,1
increasing,1
embrace,1
bound,1
sensibility,1
eurocentrism,1
elitism,1
foot,1
burned,1
coal,1
trial,1
fire,1
distributed,1
creative,1
attribution,1
license,1
httpcreativecommonsorglicensesby,1
permit,1
unrestricted,1
properly,1
cited,1
paultourle@uclacuk,1
nominally,1
thoroughgoing,1
scepticism,1
afforded,1
say,1
interpretation,1
radically,1
augmentation,1
autonomous,1
notionally,1
liberated,1
speak,1
difficult,1
collect,1
responding,1
inclusion,1
assert,1
treated,1
suggesting,1
long,1
fight,1
save,1
existing,1
selflessly,1
belong,1
picture,1
complicated,1
risk,1
overwhelmed,1
ineffective,1
worthless,1
argue,1
created,1
coherence,1
torrent,1
exacerbates,1
deferring,1
injustice,1
polarised,1
teasing,1
register,1
cosmopolitan,1
peripheral,1
sometimes,1
overtly,1
follows,1
provides,1
analysing,1
overseen,1
jointly,1
ran,1
parallel,1
audibility,1
reflecting,1
affirming,1
importance,1
actuality,1
launched,1
aim,1
build,1
comprising,1
day,1
strike,1
caused,1
france,1
refuge,1
advantage,1
slow-moving,1
traffic,1
stow,1
lorry,1
queuing,1
channel,1
crossing,1
resulting,1
earnest,1
termed,1
later,1
town,1
adjoining,1
host,1
demonstration,1
april,1
south,1
east,1
alliance,1
descended,1
rising,1
marked,1
outbreak,1
ended,1
chanting,1
aint,1
black,1
union,1
jack,1
faced,1
volatile,1
flame,1
fanned,1
austerity,1
peered,1
nervously,1
continent,1
famous,1
cliff,1
stung,1
incendiary,1
european,1
disenfranchised,1
obscenity,1
grey,1
indifferent,1
surprise,1
substantial,1
catalogue,1
compiled,1
retained,1
turmoil,1
wrought,1
discontent,1
good,1
reason,1
criticise,1
encouraged,1
assumes,1
include,1
gruff,1
ostinato,1
confirmed,1
exchange,1
examination,1
objective,1
promote,1
awareness,1
celebrate,1
fund,1
enable,1
purchase,1
enjoyment,1
blunt,1
reprimand,1
failing,1
missing,1
ungenerous,1
fail,1
acknowledge,1
enjoyed,1
champion,1
inspiring,1
accumulated,1
impressive,1
amount,1
newspaper,1
claimed,1
prime,1
spot,1
magazine,1
somewhat,1
conventionally,1
secured,1
permission,1
loudspeaker,1
testament,1
wide,1
array,1
become,1
staple,1
mobilising,1
listen,1
give,1
replicate,1
grows,1
popularity,1
seven,1
nine,1
fell,1
along,1
referred,1
five,1
on-site,1
property,1
ferry,1
disembarking,1
tide,1
trudging,1
pebble,1
small,1
assemblage,1
random,1
larger,1
pool,1
almost,1
official,1
rainfall,1
ten,1
walking,1
shingle,1
featured,1
nowhere,1
sample,1
heard,1
vaguely,1
farright,1
party,1
gain,1
support,1
europe,1
overall,1
willing,1
taint,1
search,1
supremacism,1
ample,1
limitation,1
inconsistency,1
external,1
propose,1
driving,1
intervention,1
provocation,1
aspires,1
longevity,1
traditionally,1
endure,1
eschewed,1
investigation,1
nonetheless,1
website,1
answer,1
flourish,1
retreat,1
grand,1
gesture,1
comprehensive,1
salvage,1
confusion,1
uncommon,1
bibliotheca,1
alexandrina,1
tendency,1
government,1
large-scale,1
confuse,1
tentatively,1
educational,1
architectural,1
grandiloquence,1
massive,1
infrastructure,1
latter,1
former,1
momentary,1
experiment,1
statement-for-all-time,1
characteristic,1
similarly,1
novel,1
banner,1
hence,1
foregrounding,1
attains,1
validity,1
exercise,1
merit,1
documenting,1
embedding,1
contested,1
clearly,1
embracing,1
asking,1
specifically,1
resonated,1
bent,1
accommodate,1
comer,1
garnering,1
correspondingly,1
weaker,1
obliterates,1
murmuring,1
drowns,1
urgent,1
undertake,1
fuller,1
stake,1
highlighting,1
focusing,1
differently,1
lawrence,1
legal,1
testimony,1
extensive,1
encountered,1
vocal,1
deportation,1
prompt,1
operates,1
recount,1
mohamed,1
lose,1
forced,1
undergo,1
accent,1
subsequently,1
told,1
pronounced,1
word,1
tomato,1
bandora,1
banadora,1
syllable,1
designates,1
citizenship,1
contradicts,1
rethink,1
perceptible,1
configuration,1
vowel,1
consonant,1
legally,1
accountable,1
provocative,1
pertains,1
suggestive,1
underlining,1
understood,1
coding,1
consequence,1
toward,1
encountering,1
considering,1
mohameds,1
historicity,1
ultimate,1
refusal,1
application,1
technologically,1
densely,1
interwoven,1
geopolitics,1
upheaval,1
denote,1
transmitted,1
emphasising,1
aligns,1
instrumental,1
forcing,1
onto,1
agenda,1
academic,1
aural,1
stereotyping,1
puerto,1
ricans,1
dominant,1
protocol,1
contain,1
aberrant,1
inhuman,1
listened,1
mediated,1
raced,1
gendered,1
historicized,1
interpretive,1
racial,1
difference,1
policed,1
essence,1
july,1
full-swing,1
gu,1
blog,1
avenue,1
acknowledging,1
lived,1
scholar,1
mobilise,1
counterpart,1
johannes,1
conceptualise,1
entity,1
formulation,1
mirrored,1
pinar,1
called,1
thin,1
ergo,1
proceeds,1
follow,1
trail,1
local,1
resident,1
paid,1
progression,1
recognition,1
untapped,1
reality,1
continues,1
enjoying,1
newfound,1
entered,1
recordists,1
competitively,1
staking,1
defining,1
concocting,1
self-consciously,1
perform,1
self-ascribed,1
corollary,1
simplistic,1
typically,1
place-specific,1
exception,1
widespread,1
central,1
african,1
republic,1
circulating,1
pitt,1
descendant,1
share,1
revive,1
song,1
advanced,1
concept,1
heirloom,1
ruin,1
abandoned,1
notable,1
derives,1
largely,1
antique,1
demonstrates,1
intellectual,1
triggered,1
exposure,1
ground,1
decay,1
wasteful,1
starting,1
deployment,1
separated,1
endurance,1
fundamental,1
ingredient,1
establishing,1
reaffirmed,1
deep-seated,1
proper,1
thingly,1
unspecified,1
provide,1
specific,1
immortality,1
effort,1
disagrees,1
strive,1
fostering,1
dramatically,1
associated,1
meaningful,1
pragmatically,1
fluid,1
decides,1
exceptional,1
usually,1
vanished,1
ether,1
reasonably,1
expect,1
stay,1
churning,1
control,1
predict,1
regularly,1
chiming,1
bell,1
craft,1
performance,1
foghorn,1
lastly,1
act,1
comfortable,1
standing,1
feel,1
decidedly,1
risky,1
withdraw,1
pocket,1
start,1
harvesting,1
together,1
appreciate,1
eventual,1
dictated,1
conceiving,1
explored,1
necessarily,1
reduces,1
tangible,1
conclude,1
channelling,1
frame,1
enquiry,1
dedicated,1
task,1
beneath,1
innocence,1
divine,1
complicate,1
relation,1
shedding,1
tended,1
foreground,1
viewing,1
transmission,1
goal,1
directs,1
energy,1
disappear,1
spirit,1
self-mythologisation,1
flux,1
security,1
whatever,1
preserve,1
worthwhile,1
striving,1
cultivating,1
preoccupation,1
perceived,1
ephemeral,1
object-noise,1
preclude,1
introduced,1
sketched,1
profound,1
expansion,1
reorientation,1
pointed,1
pressure,1
placed,1
inclusive,1
interestingly,1
expanded,1
diversified,1
responsibility,1
articulated,1
asked,1
basis,1
settled,1
trying,1
fulfil,1
varied,1
educate,1
entertain,1
interactive,1
becoming,1
try,1
normally,1
road,1
occasion,1
reflected,1
involve,1
diversifying,1
transcending,1
structural,1
imbalance,1
served,1
conceal,1
promulgate,1
depending,1
determines,1
processed,1
adopting,1
bruno,1
woolgars,1
sociological,1
measurement,1
forms-to-be-filled,1
instruction,1
manual,1
etc,1
determining,1
mass-consultation,1
science,1
lorraine,1
illustrated,1
nineteenth-century,1
classification,1
meteorologist,1
strived,1
habit,1
amateur,1
observer,1
classificatory,1
scheme,1
held,1
ordinary,1
standard,1
strangely,1
drawing,1
et,1
al,1
encourage,1
deposited,1
extension,1
sensitive,1
continue,1
materialist,1
cataloguing,1
step,1
agency,1
exerted,1
simple,1
facilitating,1
rapid,1
transfer,1
aggregation,1
remote,1
database,1
realistic,1
possibility,1
timeframes,1
scarce,1
longer,1
reach,1
existed,1
respect,1
enablers,1
excitement,1
digitally,1
facilitated,1
democratise,1
simplify,1
affordance,1
render,1
volume,1
variety,1
visual,1
help,1
digestible,1
widely,1
chosen,1
disseminate,1
referring,1
receive,1
wanted,1
easily,1
visited,1
gap,1
filled,1
developing,1
soundmaps,1
mixed,1
cartography,1
affective,1
attentiveness,1
precarious,1
qualifies,1
enthusiasm,1
considerable,1
caution,1
identifies,1
several,1
favouring,1
ruralnatural,1
overrepresentation,1
male,1
speculatively,1
precludes,1
female,1
domestic,1
freely,1
would-be,1
soundmappers,1
expensive,1
equipment,1
participation,1
challenging,1
countering,1
reinforce,1
address,1
stressing,1
owned,1
smartphone,1
waldocks,1
semantic,1
fallacy,1
underwrites,1
equated,1
theory,1
accessible,1
self-selecting,1
demographic,1
whole,1
unrepresented,1
prop,1
introduces,1
hand,1
mapping,1
proposes,1
indexical,1
relationship,1
valued,1
refer,1
glance,1
implies,1
adequately,1
region,1
re-presenting,1
false,1
confidence,1
reconfigures,1
dispersion,1
eliding,1
returning,1
done,1
acceleration,1
attractive,1
result,1
instantly,1
obvious,1
concentrating,1
ignores,1
variation,1
finding,1
risking,1
deciding,1
timing,1
lack,1
available,1
manage,1
decided,1
yearlong,1
unfeasible,1
shorter,1
preferable,1
visit,1
restraint,1
accordingly,1
rein,1
irrelevant,1
visible,1
age,1
reliable,1
overcoming,1
concerned,1
generating,1
creates,1
difficulty,1
winter,1
holidaymaker,1
pulling,1
leaving,1
peace,1
quiet,1
wake,1
temporal,1
constraint,1
predetermined,1
prevented,1
contribution,1
alighting,1
condense,1
window,1
summertime,1
theme,1
namely,1
disguise,1
underlying,1
evocative,1
beautiful,1
team,1
receiver,1
participating,1
activated,1
independent,1
majority,1
sustain,1
picking,1
listed,1
assortment,1
inspire,1
vibrant,1
village,1
gull,1
wonderful,1
seabird,1
island,1
dotted,1
whistling,1
inside,1
loved,1
hut,1
wrestling,1
putting,1
deck-chair,1
fish,1
chip,1
shop,1
busy,1
sand,1
eating,1
ice-creams,1
crashing,1
rock,1
seagull,1
predominance,1
related,1
prominence,1
imagery,1
determination,1
positive,1
utter,1
collapse,1
uncritically,1
delightful,1
entertainment,1
startlingly,1
undeniably,1
tourist-eared,1
fails,1
fleeting,1
reveal,1
purchasing,1
saving,1
hoped,1
acquire,1
meant,1
completed,1
shortly,1
laid,1
plan,1
buy,1
surveyor,1
recreational,1
bought,1
deemed,1
spoilt,1
recall,1
blighted,1
developer,1
worst,1
caravaners,1
re-marketing,1
attitude,1
purist,1
ironic,1
contrived,1
contrives,1
banish,1
imaginative,1
publication,1
based,1
live,1
consumption,1
dont,1
amazing,1
neednt,1
affirm,1
immune,1
persuasion,1
unbiased,1
outlined,1
implausible,1
derived,1
wider,1
built,1
influenced,1
season,1
targeting,1
fixed,1
imaginatively,1
alternate,1
savoury,1
aspect,1
started,1
crucial,1
assembling,1
framed,1
engages,1
container,1
obscure,1
sure,1
spectacle,1
inner,1
preselected,1
prevents,1
powerfully,1
used,1
courted,1
folk,1
wisdom,1
margin,1
distract,1
opinion,1
premise,1
literally,1
attack,1
neither,1
significance,1
astute,1
hole,1
broken,1
anyway,1
impossible,1
persistent,1
afterlife,1
prevailing,1
democratic-materialist,1
determined,1
crucially,1
shaped,1
disregarding,1
potent,1
chance,1
consciousness,1
clamour,1
instant,1
publicity,1
attentive,1
intrigue,1
pursuing,1
arrived,1
firstly,1
secondly,1
appeared,1
unable,1
redress,1
outlining,1
notorious,1
reproducing,1
inaudible,1
dominated,1
came,1
displacement,1
sign,1
unfolded,1
quite,1
unaware,1
hardwired,1
instructed,1
insensitive,1
dissenting,1
cry,1
acted,1
deftly,1
unintentionally,1
constructed,1
regulated,1
boundary,1
self,1
discipline,1
aestheticising,1
domesticating,1
wresting,1
informs,1
reminds,1
pay,1
functioning,1
grounded,1
disposition,1
small-c,1
mainstream,1
distorting,1
straightforwardly,1
rest,1
uniform,1
closing,1
pursued,1
faithfully,1
interrogate,1
suitability,1
put,1
materialism,1
overwhelmingly,1
thinker,1
jacques,1
negative,1
classic,1
musical,1
celebrates,1
potently,1
generative,1
profoundly,1
meaningless,1
disorder,1
unchanneling,1
sensation,1
free,1
imagination,1
absolute,1
creation,1
level,1
organization,1
code,1
network,1
constituting,1
obstructive,1
hinders,1
precondition,1
exists,1
merely,1
excess,1
threatens,1
viewed,1
covert,1
domination,1
incorporated,1
selection,1
encourages,1
archived,1
reproduced,1
resist,1
oppressor,1
eluding,1
machination,1
hope,1
overcome,1
dominate,1
attalis,1
justifiably,1
massed,1
deposit,1
expressing,1
only-superficially-chaotic,1
reproducible,1
intent,1
replicating,1
seeming-chaos,1
tamed,1
oppression,1
cloaked,1
anarchy,1
doubly,1
worthy,1
habitually,1
reserved,1
mass-representation,1
turning,1
defer,1
suggested,1
consolidating,1
repertoire,1
mark,1
paradox,1
constitutes,1
root,1
contradiction,1
equivocation,1
casually,1
interchanged,1
undesired,1
dirty,1
inappropriate,1
alternatively,1
bleeding,1
inbuilt,1
heart,1
leave,1
unresolved,1
discus,1
debate,1
reuse,1
firm,1
conclusion,1
wish,1
prospect,1
nascent,1
worse,1
consciously,1
unconsciously,1
bring,1
recognising,1
once-busy,1
dock,1
silent,1
comparable,1
s,1
safeguarding,1
transmit,1
tradition,1
turkey,1
nineteenth,1
despite,1
implement,1
preparing,1
serving,1
safeguarded,1
usage,1
electric,1
type,1
symbol,1
grateful,1
unstintingly,1
generous,1
discussing,1
additionally,1
review,1
draft,1
thanks,1
anonymous,1
reviewer,1
comment,1
refine,1
emerges,1
disclosure,1
statement,1
conflict,1
supported,1
council,1
grant,1
doctoral,1
candidate,1
investigates,1
seek,1
harness,1
conceptual,1
management,1
currently,1
conducting,1
shelter,1
reference,1
contract,1
forensic,1
reorgnaisation,1
speaking,1
economy,1
minneapolis,1
minnesota,1
sonifact,1
governmentalities,1
wwwbluksounds-of-our-shores,1
httpwwwbluk,1
sounds-of-our-shoresabout,1
bluksounds-of-our-shorestake-part,1
pharmakon,1
mus,1
deconstruction,1
problematising,1
curative,1
museologies,1
healing,1
contestation,1
essay,1
honour,1
professor,1
susan,1
dudley,1
chartering,1
asia,1
getty,1
newsletter,1
god,1
eye,1
buffalo,1
breath,1
hearing,1
proceeding,1
urbanism,1
castro,1
carvalhais,1
viseu,1
genially,1
august,1
michel,1
serress,1
milieu,1
httpwwwstevenconnorcommilieux,1
cornwall,1
isi,1
transience,1
anticipatory,1
geography,1
english,1
defence,1
league,1
nasty,1
anti,1
counter,1
pt,1
forgetting,1
remember,1
remembering,1
forget,1
late,1
modern,1
sustainability,1
observing,1
governing,1
agencements,1
averting,1
chavs,1
punk,1
drunk,1
homelessness,1
bristol,1
laboratory,1
beverly,1
hill,1
sage,1
handbook,1
emma,1
waterton,1
watson,1
basingstoke,1
macmillan,1
constructing,1
ethnology,1
folkloristics,1
chloe,1
nelkin,1
consulting,1
httpwwwchloenelkinconsultingcomnewsnational-trust-sounds-of-the-sea-on-the-londonunderground,1
looking,1
wwwnationaltrustorgukdocumentscoast-looking-after-our-ever-changing-shorespdf,1
office,1
statistic,1
httpwwwonsgov,1
ukonsrelrditinternet-usersstb-ia-html,1
la,1
guardias,1
american,1
quarterly,1
royal,1
art,1
tagging,1
theorizing,1
deepening,1
theatre,1
expertise,1
citizen,1
ed,1
genesis,1
ann,1
arbor,1
michigan,1
caught,1
caughtbytherivernetnational-trust-sounds-of-our-shores-british-library-field-recording,1
soundstudiesblogcomon-whiteness-and-sound-studies,1
splicing,1
tony,1
schwartz,1
remixes,1
postwar,1
nueva,1
text,1
typology,1
weird,1
vibration,1
httpwwwweirdvibrationscomatlas-sounda-typology-of-sound-maps,1
jacqueline,1
publicly,1
engaging,1
httpjournalsonicstudiesorgvolnra,1
harbour,1
estate,1
httpsaudioboomcomboos-belfast-harbour-estate,1
living,1
old,1
protecting,1
