contractual,1
licences,1
reduce,1
distortions,1
impediments,1
basic,1
aiming,1
fullest,1
framework,1
underlying,1
policy,1
developmental,1
maximum,1
emphasizing,1
reducing,1
tensions,1
reaching,1
strengthened,1
commitments,1
resolve,1
issues,1
supportive,1
relationship,1
hereby,1
contravene,1
domiciled,1
real,1
october,1
washington,1
favourable,1
accords,1
appointment,1
agent,1
disguised,1
unconditionally,1
exempted,1
particularly,1
confined,1
arbitrary,1
unjustifiable,1
auspices,1
issue,1
contribute,1
innovation,1
mutual,1
users,1
conducive,1
welfare,1
balance,1
formulating,1
amending,1
nutrition,1
sectors,1
vital,1
socioeconomic,1
needed,1
resort,1
therefrom,1
ideas,1
mathematical,1
concepts,1
code,1
machine,1
readable,1
subsisting,1
excepted,1
widespread,1
copying,1
materially,1
impairing,1
rentals,1
from,1
confine,1
phonogram,1
unfixed,1
live,1
direct,1
indirect,1
television,1
impairment,1
letters,1
numerals,1
figurative,1
elements,1
colours,1
inherently,1
distinctiveness,1
visually,1
perceptible,1
denying,1
actual,1
petitions,1
cancel,1
opposed,1
wellknown,1
sector,1
services,1
damaged,1
descriptive,1
renewable,1
indefinitely,1
cancelled,1
uninterrupted,1
obstacles,1
shown,1
import,1
unjustifiably,1
encumbered,1
detrimental,1
capability,1
distinguish,1
prescribing,1
producing,1
along,1
linking,1
quality,1
characteristic,1
indicates,1
suggests,1
originates,1
misleads,1
constitutes,1
invalidate,1
literally,1
falsely,1
represents,1
accompanied,1
style,1
imitation,1
invalidated,1
practical,1
differentiated,1
consumers,1
misled,1
participating,1
aimed,1
willing,1
drawn,1
solution,1
plurilateral,1
diminish,1
existed,1
continuous,1
vine,1
grape,1
variety,1
bad,1
predecessor,1
disuse,1
differ,1
features,1
dictated,1
functional,1
considerations,1
securing,1
textile,1
cost,1
examination,1
impair,1
patentable,1
fields,1
locally,1
ordre,1
morality,1
human,1
animal,1
serious,1
environment,1
prohibited,1
diagnostic,1
therapeutic,1
surgical,1
humans,1
microorganisms,1
biological,1
nonbiological,1
microbiological,1
varieties,1
sui,1
generis,1
synonymous,1
nonobvious,1
useful,1
reviewed,1
confer,1
contracts,1
complete,1
skilled,1
best,1
inventor,1
foreign,1
allows,1
respected,1
proposed,1
user,1
waived,1
soon,1
contractor,1
search,1
knows,1
semiconductor,1
enterprise,1
goodwill,1
predominantly,1
terminated,1
exist,1
unlikely,1
paid,1
exploited,1
important,1
significance,1
crosslicence,1
revoke,1
forfeit,1
twenty,1
prove,1
therefore,1
substantial,1
actually,1
adduction,1
protecting,1
manufacturing,1
secrets,1
distributing,1
continues,1
performing,1
acquiring,1
hand,1
royalty,1
payable,1
licence,1
nonvoluntary,1
layout,1
ensuring,1
disclosed,1
others,1
sense,1
precise,1
configuration,1
components,1
accessible,1
circles,1
approving,1
utilize,1
entities,1
submission,1
test,1
origination,1
involves,1
effort,1
contract,1
confidence,1
inducement,1
knew,1
grossly,1
negligent,1
example,1
grantback,1
challenges,1
coercive,1
package,1
domiciliary,1
freedom,1
ultimate,1
sympathetic,1
nonconfidential,1
relevance,1
conclusion,1
confidentiality,1
safeguards,1
unnecessarily,1
complicated,1
costly,1
unreasonable,1
timelimits,1
delays,1
reasoned,1
undue,1
offered,1
jurisdictional,1
acquittals,1
creates,1
timely,1
counsel,1
overly,1
burdensome,1
mandatory,1
appearances,1
substantiation,1
lies,1
voluntarily,1
refuses,1
impedes,1
preliminary,1
determinations,1
affirmative,1
negative,1
complaint,1
allegation,1
denial,1
allegations,1
injunctions,1
desist,1
alia,1
knowing,1
addressing,1
federations,1
associations,1
standing,1
assert,1
declaratory,1
judgments,1
compensate,1
engaged,1
recovery,1
profits,1
preestablished,1
engage,1
risks,1
considering,1
requests,1
proportionality,1
removal,1
affixed,1
abused,1
wrongfully,1
enjoined,1
restrained,1
prompt,1
occurring,1
preserve,1
irreparable,1
risk,1
certainty,1
imminent,1
latest,1
execute,1
omission,1
threat,1
suspecting,1
lodge,1
dismantled,1
controls,1
movement,1
across,1
transit,1
packaging,1
validly,1
distinguished,1
infringes,1
met,1
destined,1
initiating,1
detailed,1
description,1
recognizable,1
deter,1
recourse,1
involving,1
suspended,1
relief,1
posting,1
pursue,1
exceeding,1
served,1
prolonging,1
timelimit,1
wrongful,1
inspection,1
detained,1
positive,1
consignor,1
quantity,1
suspend,1
lodged,1
appeal,1
disposal,1
reexportation,1
unaltered,1
state,1
minimis,1
quantities,1
travellers',1
luggage,1
consignments,1
wilful,1
counterfeiting,1
piracy,1
imprisonment,1
monetary,1
fines,1
crimes,1
gravity,1
forfeiture,1
commission,1
offence,1
committed,1
wilfully,1
substantive,1
curtailment,1
marks,1
partes,1
cancellation,1
quasijudicial,1
unsuccessful,1
invalidation,1
transparency,1
acquainted,1
attempt,1
decide,1
waive,1
stemming,1
response,1
ruling,1
affects,1
elaborated,1
herein,1
examine,1
modalities,1
complaints,1
approved,1
formal,1
transformation,1
centrallyplanned,1
freeenterprise,1
economy,1
structural,1
reform,1
facing,1
problems,1
changes,1
lesser,1
consistency,1
constraints,1
extensions,1
incentives,1
promoting,1
encouraging,1
reinforcement,1
offices,1
training,1
personnel,1
monitor,1
members',1
hereunder,1
consulting,1
responsibilities,1
deems,1
meeting,1
eliminating,1
contact,1
points,1
administrations,1
ready,1
occurred,1
gives,1
meets,1
comes,1
restore,1
objects,1
commenced,1
significant,1
investment,1
purchased,1
conditional,1
pending,1
enhanced,1
commensurate,1
laid,1
remainder,1
rejected,1
experience,1
gained,1
intervals,1
undertake,1
reviews,1
developments,1
warrant,1
serving,1
adjusting,1
levels,1
achieved,1
construed,1
fissionable,1
arms,1
ammunition,1
supplying,1
military,1
pursuance,1
charter,1
peace,1
november,1
march,1
table,1
added,1
convenience,1
reader,1
alteration,1
droit,1
finances,1
implied,1
closing,1
exists,1
reciprocity,1
equally,1
animated,1
uniform,1
resolved,1
revise,1
undersigned,1
plenipotentiaries,1
news],1
pamphlets,1
writings,1
sermons,1
dramatico,1
choreographic,1
entertainments,1
dumb,1
show,1
compositions,1
drawing,1
painting,1
sculpture,1
engraving,1
lithography,1
maps,1
plans,1
sketches,1
threedimensional,1
relative,1
geography,1
topography,1
science,1
prescribe,1
legislative,1
encyclopaedias,1
anthologies,1
forming,1
operate,1
facts,1
mere,1
items,1
wholly,1
envisaged,1
manufacture,1
construction,1
thirty,1
origin],1
hereafter,1
specially,1
formality,1
apart,1
afforded,1
shortest,1
simultaneous,1
notice],1
habitually,1
resident,1
wider,1
introduced,1
restricted,1
redress],1
distortion,1
mutilation,1
honor,1
exercisable,1
terms],1
discloses,1
abovementioned,1
dead,1
twentyfive,1
run,1
begin,1
excess,1
measured,1
surviving,1
translation],1
throughout,1
author],1
permissible,1
newspaper,1
summaries,1
illustration,1
mention,1
thereon,1
events],1
newspapers,1
religious,1
topics,1
expressly,1
reserved,1
clearly,1
consequences,1
reporting,1
diffusion,1
transmitting,1
prescribed,1
imply,1
record,1
facilities,1
preservation,1
archives,1
documentary,1
alteration],1
permission],1
imposed,1
treated,1
licenses],1
contributors],1
subtitling,1
dubbing,1
meant,1
restrictive,1
aforesaid,1
scenarios,1
dialogues,1
writers,1
composers,1
inalienable,1
amounts,1
institute,1
corporate,1
reveals,1
law],1
reproductions,1
regulation,1
nonprotectable,1
cases],1
anew,1
accessions,1
abandonment,1
reserve,1
consisting,1
iii,1
competence,1
elect,1
vii,1
viii,1
committees,1
groups,1
ix,1
xi,1
xii,1
xiii,1
equal,1
onethird,1
exception,1
invite,1
express,1
attains,1
lacking,1
attaining,1
still,1
obtains,1
consist,1
furthermore,1
correspond,1
seats,1
filled,1
remainders,1
division,1
disregarded,1
electing,1
serve,1
next,1
reelected,1
details,1
governing,1
re,1
prepare,1
agenda,1
respecting,1
[deleted],1
yearly,1
audit,1
allocated,1
chairman,1
tasks],1
continuation,1
chief,1
assemble,1
monthly,1
participate,1
group,1
secretary,1
discussions,1
accounts],1
b,1
proper,1
share,1
budgets,1
financed,1
sources,1
gifts,1
bequests,1
subventions,1
rents,1
towards,1
done,1
concurrently,1
chooses,1
announce,1
contributed,1
contributing,1
equals,1
exceeds,1
satisfied,1
unavoidable,1
rendered,1
reported,1
auditors,1
fourfifths,1
month,1
enters,1
adoption],1
introduction,1
improve,1
successively,1
unanimity,1
excluded,1
extends,1
france,1
spain,1
kingdom,1
great,1
britain,1
northern,1
ireland,1
states,1
america,1
universal,1
precedes,1
meantime,1
bi,1
automatically,1
admission,1
advantages,1
retain,1
formulated,1
makes,1
intends,1
temporarily,1
ib,1
implied],1
responsible,1
twelve,1
implying,1
recognition,1
tacit,1
relations],1
entirety,1
recognize,1
recent,1
adapt,1
settled,1
negotiation,1
statute,1
bringing,1
attached,1
denunciation],1
remaining,1
exists],1
undertakes,1
notifications],1
arabic,1
german,1
italian,1
portuguese,1
opinion,1
prevail,1
republic,1
certify,1
transmit,1
signatures,1
devolve,1
reciprocity],1
cultural,1
vc,1
whole,1
fifteen,1
renew,1
formally,1
precluded,1
former,1
reciprocal,1
organizations],1
transferable,1
editions,1
print,1
substituted,1
unanimous,1
foregoing,1
specialized,1
profession,1
medium,1
translate,1
applies],1
nontransferable,1
the,1
ai,1
physical,1
sciences,1
mathematics,1
fiction,1
poetry,1
drama,1
dispatch,1
audio,1
compensation],1
denied,1
edition,1
diligence,1
send,1
airmail,1
believed,1
notion,1
entity,1
grouping,1
bear,1
stating,1
operating,1
intervene,1
machinery,1
internationally,1
convertible,1
accurate,1
possibility],1
declaration],1
referring,1
refer,1
standards,2
differences,2
results,2
extensive,2
method,2
categories,2
separate,2
function,2
social,2
development,2
selection,2
creations,2
whenever,2
calculated,2
rebroadcasting,2
giving,2
constituting,2
presumed,2
renewal,2
seven,2
arising,2
maintaining,2
preclude,2
belongs,2
reputation,2
attributable,2
although,2
increasing,2
conduct,2
attention,2
created,2
clear,2
mode,2
grants,2
nonexclusive,2
enjoys,2
correct,2
advance,2
unable,2
perform,2
freely,2
negotiated,2
body,2
deal,2
specifying,2
wishes,2
consideration,2
safeguarding,2
preferably,2
capacity,2
impose,2
providing,2
simple,2
execution,2
identification,2
thereby,2
constituted,2
fails,2
extended,2
initiative,2
powers,2
contained,2
sent,2
register,2
containing,2
understanding,2
carry,2
assigned,2
requested,2
consultation,2
bodies,2
might,2
modification,2
proposal,2
furnish,2
topographies,2
barriers,2
disciplines,2
systems,2
expeditious,2
dealing,2
private,2
flexibility,2
implement,2
implementing,2
sections,2
parts,2
derogate,2
respectively,2
service,2
secure,2
inconsistent,2
immunity,2
deriving,2
exhaustion,2
promotion,2
health,2
restrain,2
adversely,2
expressions,2
methods,2
compilations,2
originals,2
computed,2
took,2
sign,2
undertakings,2
names,2
combinations,2
eligible,2
registrability,2
depend,2
refused,2
obstacle,2
confusion,2
determining,2
nonuse,2
reasons,2
based,2
assign,2
identify,2
region,2
locality,2
area,2
meaning,2
mislead,2
originate,2
kind,2
type,2
like,2
homonymous,2
conclude,2
context,2
keep,2
satisfactory,2
domiciliaries,2
customary,2
became,2
significantly,2
bearing,2
embodying,2
inventive,2
step,2
enjoyable,2
field,2
plant,2
merely,2
plants,2
offering,2
disclose,2
sufficiently,2
successful,2
extreme,2
urgency,2
practicable,2
noncommercial,2
demonstrable,2
nonassignable,2
recur,2
motivated,2
value,2
allowed,2
considerable,2
obtaining,2
defendants,2
unlawful,2
ordering,2
wherever,2
occurs,2
lapse,2
agencies,2
honest,2
readily,2
steps,2
pharmaceutical,2
agricultural,2
includes,2
involved,2
disclosure,2
impede,2
consistently,2
light,2
cause,2
believe,2
violation,2
cooperate,2
publicly,2
unwarranted,2
detail,2
substantiate,2
support,2
opposing,2
affected,2
inter,2
clearance,2
suffered,2
knowingly,2
activity,2
attorney's,2
andor,2
disposed,2
harm,2
destroyed,2
predominant,2
minimize,2
seriousness,2
indemnification,2
administration,2
exempt,2
officials,2
liability,2
remedial,2
conform,2
substance,2
inaudita,2
altera,2
parte,2
degree,2
infringed,2
deciding,2
modified,2
confirmed,2
measure,2
imports,2
indirectly,2
prima,2
facie,2
granting,2
empowered,2
detention,2
inspected,2
assist,2
destruction,2
small,2
scale,2
formalities,2
opposition,2
rulings,2
agency,2
enterprises,2
consensus,2
areas,2
exchange,2
filed,2
considers,2
traffic,2
war,2
derivative,2
beneficiaries,2
news,2
nationality,2
guaranteed,2
retroactivity,2
moral,2
modifications,2
starting,2
computation,2
comparison,2
events,2
communications,2
rebroadcast,2
productions,2
assimilation,2
suite,2
resales,2
resulting,2
reference,2
reeligibility,2
extension,2
host,2
susceptible,2
objective,2
excluding,2
unlimited,2
moratorium,2
clauses,2
certified,2
fiveyear,2
cessation,2
status,2
stocks,2
choosing,2
applying,2
admitting,2
depository,2
desire,2
held,2
scientific,2
whatever,2
books,2
cinematography,2
photography,2
adaptations,2
music,2
alterations,2
titles,2
day,2
miscellaneous,2
political,2
delivered,2
informatory,2
collection,2
several,2
erected,2
building,2
structure,2
located,2
enjoyment,2
restrict,2
avails,2
subjected,2
maintained,2
moment,2
expire,2
presume,2
authorship],2
recordings],2
compatible,2
periodicals,2
utilization,2
publications,2
translations],2
together,2
brussels,2
brought,2
bring,2
principal,2
usual,2
establishes,2
designate,2
coming,2
principle,2
convention],2
act],2
integral,2
assisted,2
alternate,2
advisors,2
delegation,2
borne,2
appointed,2
directions,2
comments,2
instructions,2
vi,2
biennial,2
intergovernmental,2
nongovernmental,2
abstention,2
majority,2
twothirds,2
abstentions,2
extraordinary,2
elected,2
seat,2
close,2
draft,2
sessions,2
c,2
secretariat,2
various,2
organs,2
staff,2
preparations,2
income,2
royalties,2
belong,2
depositing,2
lower,2
beginning,2
total,2
arrears,2
organ,2
single,2
insufficient,2
decided,2
remains,2
denounce,2
effected,2
external,2
force],2
threefourths,2
bind,2
a,2
therein,2
ratified,2
acceded,2
reservation],2
withdraw,2
regards,2
replace,2
interpretation,2
deposits,2
position,2
va,2
renewed,2
periods,2
withdraws,2
ceases,2
fact,2
declared,2
nine,2
complies,2
scholarship,2
terminate,2
content,2
terminates,2
center,2
individuals,2
transmittal,2
currency,2
admits,2
follows,3
restriction,3
thereto,3
contents,3
fixations,3
described,3
find,3
must,3
exclusion,3
succession,3
situations,3
nevertheless,3
performed,3
contain,3
received,3
sum,3
effects,3
resources,3
limit,3
exceed,3
allow,3
de,3
submit,3
institutions,3
functions,3
amended,3
thereafter,3
nations,3
desiring,3
needs,3
possibilities,3
designation,3
dissemination,3
derived,3
successors,3
life,3
failing,3
april,3
maintain,3
indicate,3
initial,3
existence,3
independently,3
recognized,3
consult,3
four,3
different,3
covered,3
entail,3
put,3
constitutional,3
found,3
determination,3
whichever,3
preparation,3
border,3
promote,3
viable,3
base,3
mutually,3
comply,3
advantage,3
assistance,3
discrimination,3
affecting,3
specifically,3
knowledge,3
led,3
rise,3
combination,3
distinguishing,3
personal,3
addition,3
likelihood,3
likely,3
assignment,3
essentially,3
refuse,3
consists,3
additional,3
individual,3
validity,3
inventions,3
produced,3
patentability,3
animals,3
applicants,3
carried,3
carrying,3
corresponding,3
emergency,3
informed,3
anticompetitive,3
distinct,3
higher,3
counted,3
burden,3
patented,3
alleged,3
creation,3
secret,3
chemical,3
requesting,3
deterrent,3
proceeding,3
access,3
complied,3
damages,3
sort,3
caused,3
implements,3
leading,3
pirated,3
consignee,3
released,3
penalties,3
revocation,3
recommendations,3
ministerial,3
approval,3
completed,3
revised,3
derogatory,3
redress,3
joint,3
seen,3
loudspeaker,3
ephemeral,3
transitory,3
ownership,3
contributors,3
manuscripts,3
yet,3
greater,3
studies,3
previous,3
auditing,3
factual,3
justice,3
protocol,3
declarations,3
composed,3
mainly,3
alternative,3
consequently,3
union],3
expression,3
every,3
assimilated,3
expressed,3
character,3
dramaticomusical,3
respective,3
hereinafter,3
prejudicial,3
always,3
january,3
ratifying,3
sounds,3
images,3
exercised,3
stipulation,3
procedure],3
publisher,3
included,3
delegates,3
admitted,3
designed,3
advice,3
onehalf,3
onefourth,3
annual,3
units,3
increase,3
ratify,3
later,3
ratifies,3
accedes,3
sole,3
receipt,3
situation,3
availed,3
spanish,3
ten,3
tenyear,3
running,3
exhausted,3
commencing,3
sends,3
research,3
met,3
recipients,3
audiovisual,3
export,3
sending,3
participation,4
arrangement,4
program,4
restrictions,4
presentation,4
way,4
open,4
level,4
prepared,4
approve,4
benefit,4
domain,4
address,4
privilege,4
entered,4
last,4
ground,4
agreed,4
fallen,4
substantially,4
liable,4
cannot,4
specified,4
actions,4
satisfy,4
subsequently,4
conformity,4
exportation,4
accepted,4
developed,4
importance,4
favour,4
consistent,4
reason,4
authorize,4
prohibit,4
limitations,4
conflict,4
normal,4
solely,4
business,4
permits,4
processes,4
imported,4
exclude,4
efforts,4
forth,4
governmental,4
breach,4
initiated,4
trademarks,4
civil,4
criminal,4
traderelated,4
prevention,4
transitional,4
foreseen,4
mean,4
operation,4
essential,4
afford,4
using,4
specific,4
originating,4
true,4
unfair,4
competition,4
contains,4
bilateral,4
defined,4
adverse,4
selling,4
importing,4
involve,4
avoid,4
directly,4
priority,4
remedy,4
market,4
layoutdesigns,4
incorporating,4
requiring,4
marketing,4
infringements,4
confidential,4
injury,4
assurance,4
revoked,4
september,4
june,4
speeches,4
lectures,4
appear,4
quotations,4
current,4
leaves,4
doubt,4
unpublished,4
exhibition,4
composition,4
voting,4
election,4
periodical,4
charges,4
capital,4
accounts,4
adoption,4
signature,4
grantable,4
allowing,4
withdrawn,4
regime,4
models,4
press,4
works],4
communicated,4
justified,4
habitual,4
maker,4
communicate,4
acceding,4
appears,4
becomes,4
remain,4
ceased,4
previously,4
delegate,4
reports,4
administered,4
contribution,4
accede,4
substitute,4
expires,4
printed,4
obtainable,4
elapsed,4
charged,4
comparable,4
concluded,5
photographic,5
instead,5
termination,5
stock,5
event,5
submitted,5
long,5
represented,5
present,5
proportion,5
expired,5
addresses,5
provides,5
governed,5
notifications,5
ter,5
shorter,5
wireless,5
protectable,5
expiry,5
non,5
exceptional,5
arrangements,5
establish,5
world,5
intended,5
fair,5
facilitate,5
pertaining,5
writing,5
disputes,5
objectives,5
natural,5
material,5
promptly,5
limited,5
valid,5
interested,5
presented,5
technical,5
independent,5
view,5
days,5
undisclosed,5
leastdeveloped,5
enable,5
create,5
aspects,5
accorded,5
computer,5
programs,5
preventing,5
capable,5
similar,5
result,5
obtained,5
continued,5
products,5
seek,5
applications,5
supply,5
unlawfully,5
ordered,5
claims,5
duly,5
commerce,5
materials,5
english,5
permission,5
adapted,5
pseudonym,5
unknown,5
constitution,5
proposals,5
becoming,5
court,5
languages,5
change,5
mentioned,5
exclusively,5
represent,5
experts,5
iv,5
cast,5
ordinary,5
continue,5
deposit,5
french,5
price,5
reproduce,5
establishing,6
words,6
far,6
normally,6
longer,6
claim,6
united,6
enforce,6
applicability,6
eligibility,6
july,6
source,6
object,6
fulfilled,6
fees,6
regarding,6
amendments,6
availability,6
availing,6
deemed,6
addressed,6
ex,6
officio,6
cease,6
copy,6
sale,6
inform,6
conference,6
domestic,6
requirement,6
consider,6
final,6
recognizing,6
implementation,6
agree,6
establishment,6
extend,6
undertaken,6
pay,6
counterfeit,6
accord,6
compliance,6
rental,6
identifying,6
faith,6
design,6
infringer,6
circuit,6
channels,6
collections,6
residence,6
simultaneously,6
teaching,6
dramatic,6
limits,6
meetings,6
advances,6
fixed,6
signed,6
fifty,6
six,6
distributed,6
systematic,6
instructional,6
avail,7
compulsory,7
sentence,7
forms,7
relations,7
title,7
even,7
iii,7
incorporated,7
lawfully,7
financial,7
conventions,7
jurisdiction,7
affect,7
generally,7
obtain,7
production,7
reasonably,7
practice,7
dispute,7
five,7
subparagraphs,7
second,7
proof,7
calendar,7
acquired,7
either,7
course,7
proceedings,7
obliged,7
prior,7
maintenance,7
owners,7
except,7
otherwise,7
delay,7
cooperation,7
scope,7
negotiations,7
technological,7
mutatis,7
mutandis,7
grounds,7
filing,7
spirits,7
consultations,7
known,7
invention,7
know,7
official,7
uses,7
architecture,7
authorship,7
text,7
visual,7
illustrations,7
quorum,7
observers,7
coordination,7
fund,7
reservation,7
virtue,7
regarded,7
votes,7
established,7
applies,8
considered,8
among,8
interest,8
full,8
territories,8
common,8
duration,8
notify,8
meet,8
less,8
immediately,8
economic,8
criteria,8
equitable,8
permitted,8
transfer,8
remuneration,8
need,8
settlement,8
relating,8
patents,8
circuits,8
taking,8
multilateral,8
abuse,8
holders,8
member's,8
licensing,8
importer,8
texts,8
anonymous,8
pseudonymous,8
instruments,8
recording,8
recitation,8
adaptation,8
convocation,8
unions,8
withdrawal,8
headquarters,8
latter,8
activities,8
declare,8
stockholm,9
subsequent,9
authorizing,9
expenses,9
circulation,9
broadcasts,9
given,9
working,9
provision,9
governments,9
permit,9
nature,9
free,9
fixation,9
pursuant,9
control,9
signs,9
undertaking,9
compensation,9
notwithstanding,9
unreasonably,9
basis,9
exploitation,9
refers,9
treaty,9
nothing,9
performers,9
conferred,9
data,9
merits,9
layoutdesign,9
translations,9
tasks,9
conferences,9
contributions,9
faculties,9
session,9
faculty,9
already,10
identity,10
according,10
seizure,10
sound,10
amount,10
adopted,10
matters,10
heard,10
payment,10
notice,10
well,10
end,10
principles,10
understood,10
equivalent,10
adequate,10
acquisition,10
wines,10
decision,10
release,10
analogous,10
number,10
revision,10
designated,10
vote,10
edition,10
recordings,11
publish,11
earlier,11
thereof,11
enter,11
two,11
absence,11
form,11
give,11
organizations,11
determined,11
importation,11
new,11
required,11
whether,11
condition,11
set,11
treatment,11
rome,11
consent,11
technology,11
person,11
provisional,11
producers,11
security,11
wire,11
thus,11
class,11
broadcast,12
exercise,12
limitation,12
rules,12
become,12
adopt,12
extent,12
connection,12
reproduced,12
relation,12
account,12
legitimate,12
good,12
sufficient,12
practices,12
remedies,12
third,12
identical,12
defendant,12
evidence,12
suspension,12
death,12
due,13
acceptance,13
amendment,13
reservations,13
procedure,13
notified,13
entitled,13
related,13
constitute,13
ensure,13
persons,13
include,13
system,13
taken,13
registered,13
trade,13
product,13
denunciation,13
enjoy,14
possible,14
art,14
written,14
determine,14
concerned,14
unless,14
necessary,14
circumstances,14
would,14
indications,14
integrated,14
opportunity,14
musical,14
instrument,14
deposited,14
distribution,15
indicated,15
used,15
authorized,15
industrial,15
requirements,15
legal,15
party,15
interests,15
action,15
customs,15
phonograms,15
whose,16
expiration,16
developing,16
name,16
contrary,16
existing,16
designs,16
upon,16
particular,16
infringing,16
budget,16
language,17
possibility,17
claimed,17
regard,17
another,17
require,17
question,17
outside,18
publication,18
year,18
performance,18
decisions,18
regulations,18
manner,18
paris,18
berne,18
obligations,18
enforcement,18
section,18
months,18
original,19
paragraphs,19
least,19
laws,19
prejudice,19
relevant,19
process,19
exceptions,19
administrative,19
infringement,19
prevent,19
three,20
preceding,20
subparagraph,20
exclusive,20
following,20
protect,20
place,20
bis,21
take,21
terms,21
nationals,21
applied,21
government,21
cases,21
appropriate,21
commercial,21
reasonable,21
review,21
parties,21
bound,21
however,22
making,22
purpose,22
purposes,22
agreements,22
including,22
applicant,22
services,22
ratification,22
broadcasting,23
means,23
territory,23
obligation,23
request,23
within,23
council,23
ii,24
notification,24
grant,24
effective,24
copyright,24
indication,24
applicable,25
effect,25
special,25
national,25
first,25
acts,25
order,25
part,26
accession,26
literary,27
communication,27
registration,27
licenses,27
executive,27
artistic,28
accordance,28
authorization,28
law,29
available,29
cinematographic,30
origin,30
measures,30
one,31
make,31
time,31
concerning,31
said,32
reproduction,33
entry,33
competent,33
also,33
geographical,33
bureau,33
published,34
owner,34
committee,34
organization,35
page,35
judicial,36
protected,37
information,37
holder,37
matter,38
procedures,38
patent,39
authors,40
term,41
copies,42
appendix,43
certain,43
legislation,43
international,43
authorities,43
author,44
translation,45
referred,45
conditions,46
license,46
years,47
assembly,49
case,49
apply,49
force,50
without,51
provide,52
articles,54
authority,54
application,55
trademark,55
granted,58
director,58
declaration,58
act,65
made,65
intellectual,66
property,67
public,68
period,69
goods,70
subject,74
date,77
general,78
work,79
use,80
respect,83
provided,87
agreement,95
paragraph,97
convention,104
provisions,106
member,112
rights,114
countries,123
members,128
right,142
protection,145
may,150
union,168
works,181
country,231
article,339
shall,552
