accessed,16
sound,12
heritage,9
work,5
british,5
also,5
sonic,5
archive,4
public,4
internet,4
september,4
january,4
library,4
noise,4
november,4
dover,3
right-wing,3
new,3
one,3
researcher,3
recording,3
force,3
listening,3
race,3
valuable,3
project,3
communication,3
make,3
national,3
trust,3
june,3
term,2
use,2
wright,2
thoroughly,2
medium,2
original,2
first,2
many,2
beyond,2
anger,2
economic,2
briton,2
far,2
white,2
category,2
would,2
protest,2
bear,2
audience,2
hint,2
institution,2
section,2
offer,2
could,2
even,2
kind,2
anyone,2
history,2
hold,2
butler,2
popular,2
call,2
stadler,2
study,2
opened,2
always,2
conducted,2
interesting,2
therefore,2
soundmap,2
serve,2
soundmapping,2
experience,2
space,2
hegemonic,2
narrative,2
challenge,2
worked,2
without,2
rather,2
field,2
knowledge,2
funding,2
december,2
full,1
condition,1
found,1
samuel,1
byrne,1
smith,1
harrison,1
foot,1
burned,1
coal,1
crisis,1
representation,1
distributed,1
creative,1
common,1
attribution,1
license,1
httpcreativecommonsorglicensesby,1
permit,1
unrestricted,1
distribution,1
reproduction,1
provided,1
properly,1
cited,1
week,1
later,1
port,1
town,1
adjoining,1
calais,1
played,1
host,1
demonstration,1
come,1
storm,1
chanting,1
refugee,1
aint,1
black,1
union,1
jack,1
express,1
faced,1
volatile,1
world,1
flame,1
fanned,1
long-term,1
austerity,1
peered,1
nervously,1
towards,1
continent,1
famous,1
cliff,1
beginning,1
encouraged,1
participant,1
submit,1
favourite,1
assumes,1
people,1
include,1
gruff,1
ostinato,1
testament,1
bringing,1
wide,1
array,1
privileged,1
certain,1
practitioner,1
working,1
nowhere,1
sample,1
violence,1
heard,1
vaguely,1
socio-political,1
transformation,1
seen,1
farright,1
political,1
party,1
gain,1
support,1
across,1
europe,1
past,1
decade,1
overall,1
sanitised,1
artefact,1
meanwhile,1
willing,1
taint,1
search,1
trace,1
supremacism,1
ample,1
evidence,1
brought,1
coast,1
driver,1
writing,1
construction,1
bibliotheca,1
alexandrina,1
set,1
critique,1
tendency,1
government,1
large-scale,1
confuse,1
attachment,1
collective,1
memory,1
tentatively,1
add,1
educational,1
potential,1
form,1
architectural,1
grandiloquence,1
vast,1
massive,1
infrastructure,1
differently,1
conservation,1
lawrence,1
abu,1
hamdan,1
status,1
voice,1
object,1
legal,1
testimony,1
jennifer,1
instrumental,1
forcing,1
onto,1
agenda,1
academic,1
investigating,1
prompted,1
close,1
engagement,1
culturally,1
embedded,1
mode,1
july,1
full-swing,1
critic,1
gu,1
took,1
blog,1
sounding,1
avenue,1
acknowledging,1
understanding,1
within,1
lived,1
like,1
position,1
much,1
paid,1
attention,1
exist,1
preserved,1
find,1
progression,1
recognition,1
untapped,1
reality,1
preservation,1
recorded,1
documentary,1
another,1
recent,1
next,1
station,1
billed,1
ever,1
london,1
underground,1
sense,1
technology,1
constitute,1
crowd,1
previously,1
lay,1
reach,1
professional,1
effect,1
never,1
existed,1
numerous,1
commentator,1
eg,1
analysis,1
various,1
identifies,1
several,1
trend,1
beauty,1
bias,1
favouring,1
ruralnatural,1
subject,1
matter,1
overrepresentation,1
male,1
contributor,1
speculatively,1
precludes,1
female,1
failure,1
engage,1
private,1
domestic,1
since,1
realm,1
freely,1
observation,1
waldock,1
would-be,1
soundmappers,1
expensive,1
equipment,1
significant,1
barrier,1
participation,1
thus,1
challenging,1
countering,1
place,1
unwittingly,1
reinforce,1
hard,1
address,1
stressing,1
owned,1
smartphone,1
take,1
part,1
theory,1
collecting,1
accessible,1
whole,1
society,1
interest,1
moreover,1
regular,1
go,1
unrepresented,1
desire,1
tell,1
u,1
evocative,1
beautiful,1
coastal,1
summer,1
way,1
around,1
emphasis,1
perhaps,1
neednt,1
state,1
affirm,1
view,1
year,1
likely,1
broken,1
anyway,1
prove,1
impossible,1
persistent,1
web,1
archaeologist,1
environment,1
device,1
discipline,1
aestheticising,1
domesticating,1
wresting,1
power,1
disrupt,1
absence,1
meaning,1
pure,1
unchanneling,1
auditory,1
sensation,1
listener,1
imagination,1
attali,1
constituting,1
obstructive,1
hinders,1
precondition,1
remaining,1
question,1
critical,1
discus,1
debate,1
grateful,1
cheryl,1
tipp,1
unstintingly,1
generous,1
time,1
discussing,1
shore,1
email,1
enough,1
additionally,1
review,1
early,1
draft,1
paper,1
thanks,1
two,1
anonymous,1
reviewer,1
made,1
comment,1
enabled,1
refine,1
argument,1
presented,1
broader,1
emerges,1
supported,1
social,1
council,1
grant,1
number,1
investigates,1
conceptualisation,1
environmental,1
cultural,1
seek,1
harness,1
conceptual,1
framework,1
thinking,1
contemporary,1
management,1
august,1
edited,1
emma,1
waterton,1
steve,1
watson,1
