landscape,39
cultural,37
heritage,21
world,19
management,12
people,11
also,10
natural,10
meeting,9
value,8
nature,8
traditional,8
site,8
inscribed,7
national,7
see,6
impact,5
park,5
issue,4
well,4
others,4
present,4
many,4
environment,4
problem,4
report,4
element,4
significant,4
culture,4
state,4
indigenous,4
tjuta,4
conservation,4
valley,4
list,3
however,3
global,3
level,3
region,3
different,3
man,3
time,3
finally,3
study,3
associated,3
community,3
powerful,3
relationship,3
task,3
force,3
harmonious,3
living,3
integrity,3
year,3
example,3
context,3
sustainable,3
religious,3
group,3
one,3
two,3
district,3
assistance,3
philippine,3
local,3
tourism,3
following,3
bureau,3
centre,3
party,3
case,3
nigeria,3
committee,2
category,2
listing,2
july,2
recognised,2
particular,2
general,2
important,2
future,2
humankind,2
thus,2
point,2
view,2
together,2
varied,2
area,2
explanation,2
population,2
back,2
historical,2
discussed,2
evolution,2
protected,2
therefore,2
outstanding,2
association,2
balance,2
human,2
activity,2
vulnerable,2
change,2
legislative,2
relevant,2
ensure,2
may,2
lifestyle,2
positive,2
modern,2
technique,2
maintain,2
maintaining,2
rather,2
material,2
even,2
andor,2
feature,2
good,2
process,2
necessary,2
included,2
section,2
sense,2
used,2
involve,2
new,2
zealand,2
tongariro,2
south,2
industrial,2
involved,2
vineyard,2
perceived,2
express,2
concern,2
fragile,2
rice,2
terrace,2
asked,2
addressing,2
joint,2
monitoring,2
mission,2
recommendation,2
way,2
difficult,2
requested,2
called,2
inscription,2
recommended,2
later,2
nuclear,2
power,2
historic,2
renominated,2
boundary,2
serious,2
hungary,2
lao,2
democratic,2
republic,2
vat,2
phou,2
often,2
model,2
use,2
land,2
resource,2
type,2
recognise,2
importance,2
wine,2
portugal,2
route,2
sacred,2
hill,2
sukur,2
adopted,1
additional,1
part,1
strategy,1
broaden,1
scope,1
officially,1
surprisingly,1
sharing,1
opportunity,1
increase,1
understanding,1
environmental,1
hartshorne,1
summarises,1
hettners,1
concept,1
chorology,1
goal,1
chorological,1
know,1
character,1
place,1
comprehension,1
existence,1
interrelation,1
among,1
realm,1
reality,1
manifestation,1
particularly,1
refers,1
interaction,1
aspect,1
pointing,1
clearly,1
seek,1
territory,1
sic,1
offer,1
reach,1
appearance,1
ascend,1
course,1
prehistoric,1
lived,1
arrive,1
laboratory,1
insofar,1
contributes,1
past,1
concerned,1
total,1
mind,1
belief,1
custom,1
embody,1
exceptional,1
spiritual,1
mixed,1
cultural–natural,1
rural,1
set,1
examine,1
inscribing,1
including,1
three,1
specific,1
identified,1
identification,1
exceptionally,1
beautiful,1
man-made,1
seldom,1
legislation,1
difficulty,1
accepting,1
drifted,1
nominated,1
resulting,1
aesthetic,1
ethnological,1
anthropological,1
evidencing,1
long,1
period,1
rare,1
irreversible,1
avi,1
ii,1
must,1
exist,1
practicable,1
mechanism,1
bringing,1
institution,1
preservation,1
evolving,1
hand,1
appreciate,1
limitation,1
intrusion,1
western,1
contribute,1
land-use,1
enhance,1
helpful,1
biological,1
diversity,1
inclusion,1
justifiable,1
virtue,1
evidence,1
insignificant,1
absent,1
far,1
go,1
physical,1
fabric,1
condition,1
deterioration,1
controlled,1
proportion,1
show,1
totality,1
conveyed,1
dynamic,1
function,1
maintained,1
existing,1
commonality,1
enough,1
termed,1
unique,1
grouping,1
official,1
purely,1
convenience,1
presence,1
predominantly,1
european,1
nation,1
australian,1
aborigine,1
mamacr,1
ori,1
blaenavon,1
wale,1
although,1
certainly,1
contains,1
complete,1
suite,1
th-century,1
coal,1
iron,1
industry,1
recently,1
added,1
second,1
mining-industrial,1
mexican,1
historically,1
production,1
tequila,1
come,1
attention,1
occurred,1
complex,1
kind,1
addressed,1
said,1
contain,1
illustrate,1
remarkable,1
harmony,1
begun,1
approving,1
fund,1
help,1
mapping,1
enhancing,1
capability,1
claiming,1
like,1
extremely,1
socio-ecological,1
system,1
stated,1
closely,1
interlinking,1
characteristic,1
essential,1
question,1
arose,1
kept,1
necessarily,1
wish,1
broader,1
could,1
benefit,1
expressed,1
increasing,1
might,1
saviour,1
visitor,1
came,1
contributed,1
income,1
danger,1
international,1
provided,1
assist,1
pressing,1
government,1
develop,1
establish,1
permanent,1
stakeholder,1
rapidly,1
deteriorating,1
largely,1
result,1
continuing,1
human–environment,1
made,1
bangkok,1
office,1
continue,1
providing,1
inscribe,1
rapid,1
implementation,1
adequate,1
resourcing,1
master,1
plan,1
session,1
retained,1
number,1
deferred,1
greater,1
guarantee,1
legal,1
forthcoming,1
debated,1
whether,1
designation,1
appropriate,1
suggested,1
consider,1
nominating,1
renominating,1
done,1
initially,1
pointed,1
station,1
exactly,1
keeping,1
jointly,1
altered,1
excluded,1
plant,1
neat,1
sidestep,1
controversial,1
situation,1
revised,1
spillage,1
cyanide,1
heavy,1
metal,1
mine,1
romania,1
compromised,1
hortobágy,1
puszta,1
neighbouring,1
another,1
curonian,1
spit,1
felt,1
endangered,1
impacting,1
sand-dune,1
cooperation,1
lithuania,1
russian,1
federation,1
strengthened,1
appears,1
happened,1
advice,1
infrastructure,1
work,1
negatively,1
addition,1
reflect,1
form,1
supported,1
customary,1
law,1
found,1
mark,1
milestone,1
connection,1
head,1
ultimate,1
desired,1
outcome,1
progress,1
profound,1
rethinking,1
better,1
manage,1
earth,1
immediately,1
practical,1
provide,1
stewardship,1
whole,1
thirdly,1
throw,1
light,1
difference,1
undeniable,1
fact,1
ethnic,1
wisdom,1
especially,1
actively,1
non-governmental,1
organisation,1
various,1
trust,1
incorporate,1
commonly,1
bureaucratic,1
send,1
clear,1
message,1
circumstance,1
hoped,1
scale,1
similarly,1
enhances,1
valuable,1
derived,1
short,1
description,1
given,1
website,1
httpwhcunescoorg,1
augmented,1
name,1
note,1
shortened,1
table,1
information,1
individual,1
wine-producing,1
include,1
wachau,1
austria,1
jurisdiction,1
france,1
upper,1
middle,1
rhine,1
germany,1
tokaj,1
alto,1
duro,1
pico,1
island,1
azores,1
referred,1
order,1
discussion,1
quebrada,1
de,1
humahuaca,1
argentina,1
mujica,1
challenge,1
latin,1
america,1
caribbean,1
incense,1
desert,1
city,1
negev,1
israel,1
cilento,1
vallo,1
di,1
diano,1
italy,1
pilgrimage,1
kii,1
mountain,1
range,1
japan,1
archaeological,1
remains,1
bamiyan,1
afghanistan,1
rock,1
shelter,1
bhimbetka,1
india,1
petroglyph,1
tamgaly,1
kazakhstan,1
ancient,1
settlement,1
ouadi,1
qadisha,1
forest,1
cedar,1
god,1
lebanon,1
royal,1
ambohimanga,1
madagascar,1
orkhon,1
mongolia,1
eboreime,1
grove,1
mapungubwe,1
africa,1
koutammakou,1
batammariba,1
togo,1
matobo,1
zimbabwe,1
australia,1
calma,1
liddle,1
phillips,1
changing,1
vision,1
kakadu,1
former,1
listed,1
latter,1
possibly,1
possible,1
history,1
geographical,1
